{
  "properties": {
    "connectionReferences": {},
    "definition": {
      "$schema": "https://schema.management.azure.com/providers/Microsoft.Logic/schemas/2016-06-01/workflowdefinition.json#",
      "contentVersion": "1.0.0.0",
      "parameters": {
        "$authentication": {
          "defaultValue": {},
          "type": "SecureObject"
        }
      },
      "triggers": {
        "manual": {
          "metadata": {
            "operationMetadataId": "31a452fb-e9b5-49b3-9a80-f6ddbdfc758b"
          },
          "type": "Request",
          "kind": "PowerAppV2",
          "inputs": {
            "schema": {
              "type": "object",
              "properties": {
                "text": {
                  "title": "URL",
                  "type": "string",
                  "x-ms-dynamically-added": true,
                  "description": "URLを指定してください",
                  "x-ms-content-hint": "TEXT"
                }
              },
              "required": [
                "text"
              ]
            }
          }
        }
      },
      "actions": {
        "条件": {
          "actions": {
            "HTTP": {
              "runAfter": {},
              "metadata": {
                "operationMetadataId": "4dec96b1-cc67-43aa-9681-f333390a27b7"
              },
              "type": "Http",
              "inputs": {
                "method": "GET",
                "uri": "@triggerBody()['text']"
              }
            },
            "応答": {
              "runAfter": {
                "HTTP": [
                  "Succeeded"
                ]
              },
              "metadata": {
                "operationMetadataId": "bbcc9db6-87b7-412c-a20d-958a3800304e"
              },
              "type": "Response",
              "kind": "Http",
              "inputs": {
                "statusCode": 200,
                "body": "@body('HTTP')",
                "schema": {
                  "type": "object",
                  "properties": {
                    "latitude": {
                      "type": "number"
                    },
                    "longitude": {
                      "type": "number"
                    },
                    "generationtime_ms": {
                      "type": "number"
                    },
                    "utc_offset_seconds": {
                      "type": "integer"
                    },
                    "timezone": {
                      "type": "string"
                    },
                    "timezone_abbreviation": {
                      "type": "string"
                    },
                    "elevation": {
                      "type": "integer"
                    },
                    "hourly_units": {
                      "type": "object",
                      "properties": {
                        "time": {
                          "type": "string"
                        },
                        "temperature_2m": {
                          "type": "string"
                        },
                        "apparent_temperature": {
                          "type": "string"
                        },
                        "precipitation_probability": {
                          "type": "string"
                        },
                        "precipitation": {
                          "type": "string"
                        },
                        "rain": {
                          "type": "string"
                        },
                        "weathercode": {
                          "type": "string"
                        },
                        "pressure_msl": {
                          "type": "string"
                        },
                        "surface_pressure": {
                          "type": "string"
                        },
                        "cloudcover": {
                          "type": "string"
                        },
                        "visibility": {
                          "type": "string"
                        },
                        "windspeed_10m": {
                          "type": "string"
                        },
                        "winddirection_10m": {
                          "type": "string"
                        },
                        "windgusts_10m": {
                          "type": "string"
                        },
                        "is_day": {
                          "type": "string"
                        }
                      }
                    },
                    "hourly": {
                      "type": "object",
                      "properties": {
                        "time": {
                          "type": "array",
                          "items": {
                            "type": "string"
                          }
                        },
                        "temperature_2m": {
                          "type": "array"
                        },
                        "apparent_temperature": {
                          "type": "array"
                        },
                        "precipitation_probability": {
                          "type": "array"
                        },
                        "precipitation": {
                          "type": "array"
                        },
                        "rain": {
                          "type": "array"
                        },
                        "weathercode": {
                          "type": "array",
                          "items": {
                            "type": "integer"
                          }
                        },
                        "pressure_msl": {
                          "type": "array"
                        },
                        "surface_pressure": {
                          "type": "array"
                        },
                        "cloudcover": {
                          "type": "array",
                          "items": {
                            "type": "integer"
                          }
                        },
                        "visibility": {
                          "type": "array",
                          "items": {
                            "type": "integer"
                          }
                        },
                        "windspeed_10m": {
                          "type": "array"
                        },
                        "winddirection_10m": {
                          "type": "array",
                          "items": {
                            "type": "integer"
                          }
                        },
                        "windgusts_10m": {
                          "type": "array"
                        },
                        "is_day": {
                          "type": "array",
                          "items": {
                            "type": "integer"
                          }
                        }
                      }
                    },
                    "daily_units": {
                      "type": "object",
                      "properties": {
                        "time": {
                          "type": "string"
                        },
                        "weathercode": {
                          "type": "string"
                        },
                        "temperature_2m_max": {
                          "type": "string"
                        },
                        "temperature_2m_min": {
                          "type": "string"
                        },
                        "sunrise": {
                          "type": "string"
                        },
                        "sunset": {
                          "type": "string"
                        },
                        "precipitation_hours": {
                          "type": "string"
                        },
                        "windspeed_10m_max": {
                          "type": "string"
                        },
                        "windgusts_10m_max": {
                          "type": "string"
                        },
                        "winddirection_10m_dominant": {
                          "type": "string"
                        }
                      }
                    },
                    "daily": {
                      "type": "object",
                      "properties": {
                        "time": {
                          "type": "array",
                          "items": {
                            "type": "string"
                          }
                        },
                        "weathercode": {
                          "type": "array",
                          "items": {
                            "type": "integer"
                          }
                        },
                        "temperature_2m_max": {
                          "type": "array"
                        },
                        "temperature_2m_min": {
                          "type": "array"
                        },
                        "sunrise": {
                          "type": "array",
                          "items": {
                            "type": "string"
                          }
                        },
                        "sunset": {
                          "type": "array",
                          "items": {
                            "type": "string"
                          }
                        },
                        "precipitation_hours": {
                          "type": "array",
                          "items": {
                            "type": "integer"
                          }
                        },
                        "windspeed_10m_max": {
                          "type": "array"
                        },
                        "windgusts_10m_max": {
                          "type": "array",
                          "items": {
                            "type": "number"
                          }
                        },
                        "winddirection_10m_dominant": {
                          "type": "array",
                          "items": {
                            "type": "integer"
                          }
                        }
                      }
                    }
                  }
                }
              }
            }
          },
          "runAfter": {},
          "expression": {
            "startsWith": [
              "@triggerBody()['text']",
              "https://api.open-meteo.com/v1/forecast?"
            ]
          },
          "metadata": {
            "operationMetadataId": "77f7b1dc-b2be-4526-acaf-9cd750532f77"
          },
          "type": "If"
        }
      }
    },
    "templateName": null
  },
  "schemaVersion": "1.0.0.0"
}